position;specialization
Cтарший разработчик WebSoft HCM;Разработчик HCM
Delivery - менеджер;Руководитель проекта
Middle QA тестировщик Keycloak;QA ручной
Middle системный аналитик Keycloak;Системный аналитик
Mobile Senior;Android разработчик
Product менеджер;Менеджер продукта
Senior разработчик Keycloak;Backend разработчик
UX/UI дизайнер Bi Sigla Vision/Fine Bi middle (удаленно);UX/UI дизайнер
UX/UI дизайнер Bi Sigla Vision/Fine Bi senior (удаленно);UX/UI дизайнер
Администрированике продуктов SAP (SAP PO/PI, SAP DS, SAP HR MDM и др.) уровень средний (удаленно);Консультант SAP PI
Аналитик Bi middle (удаленно);Аналитик BI
Аналитик Bi senior (удаленно);Аналитик BI
Архитектор;Архитектор
Архитектор MS OLAP (удаленно);Разработчик BI
Архитектор модели данных (DWH);DWH разработчик
Архитектор облачных решений (удаленно);Solution архитектор
Бизнес анализ, уровень средний;Бизнес аналитик
Бизнес анализ, уровень эксперт;Бизнес аналитик
Бизнес аналитик (DWH);Аналитик DWH
Ведущий системный аналитик BI;Аналитик BI
Ведущий системный аналитик Tessa (Тесса) эксперт (удаленно);Системный аналитик
Главный системный аналитик BI;Аналитик BI
Главный системный аналитик Tessa (Тесса) эксперт (удаленно);Системный аналитик
Продуктовый аналитик WebSoft HCM, уровень эксперт;Продуктовый аналитик
Разработчик Apache Superset (middle developer);Разработчик BI
Разработчик DWH;DWH разработчик
Разработчик MS OLAP (middle);Разработчик BI
Разработчик Oracle, уровень не ниже среднего;Oracle разработчик
Разработчик QlikSense (middle developer) (удаленно);Разработчик BI
Разработчик QlikView (middle developer) (удаленно);Разработчик BI
Разработчик WebSoft HCM;Разработчик HCM
Разработчик хранилища данных;DWH разработчик
Разработчик Bi Sigla Vision/Fine Bi middle (удаленно);Разработчик BI
Разработчик Bi Sigla Vision/Fine Bi senior (удаленно);Разработчик BI
Руководитель проектов;Руководитель проекта
Системный анализ интеграционных решений собственной разработки уровень средний (удаленно);Системный аналитик
Системный анализ интеграционных решений собственной разработки уровень эксперт (удаленно);Системный аналитик
Системный анализ прикладных решений собственной разработки уровень эксперт (удаленно);Аналитик DWH
Системный анализ, уровень средний;Системный аналитик
Системный анализ, уровень эксперт;Системный аналитик
Системный аналитик (DWH) (удаленно);Аналитик DWH
Системный аналитик SQL, GOLD Central, уровень эксперт;Системный аналитик
Системный аналитик SQL, GOLD Stock, уровень эксперт;Системный аналитик
Системный архитектор DWH (удаленно);Системный архитектор
Системный архитектор WebSoft HCM;Системный архитектор
Специалист по S3 (DevOps/облачное хранилище), уровень middle (удаленно);DevOps
Специалист по S3 (DevOps/облачное хранилище), уровень senior (удаленно);DevOps
Специалист по оптимизации Терадата;DWH разработчик
Старший разработчик Apache Superset (senior developer);Разработчик BI
Старший разработчик DWH;DWH разработчик
Старший разработчик QlikSense (senior developer) (удаленно);Разработчик BI
Старший разработчик QlikView (senior developer) (удаленно);Разработчик BI
Старший разработчик хранилища данных;DWH разработчик
Технический писатель (специалист по технической документации в области информационных технологий);Технический писатель
Услуги Data Engineer под стек платформы Rubbles Planning Force, уровень эксперт;Data инженер
Услуги DBA, уровень эксперт;Администратор баз данных
Услуги DevOps 1С (удаленно);DevOps
Услуги devops под стек платформы Rubbles Planning Force, уровень эксперт;DevOps
Услуги DevOps, уровень средний (удаленно);DevOps
Услуги DevOps, уровень эксперт (удаленно);DevOps
Услуги lowcode-разработки ELMA365, уровень средний;Разработчик Low-code
Услуги lowcode-разработки ELMA365, уровень эксперт;Разработчик Low-code
Услуги UX/UI дизайна Rubbles Planning Force, уровень эксперт;UX/UI дизайнер
Услуги UX/UI дизайна, корпоративные приложения (B2E), уровень эксперт (удаленно);UX/UI дизайнер
Услуги UX/UI дизайна, уровень middle (удаленно);UX/UI дизайнер
Услуги UX/UI дизайна,WebSoft HCM, уровень эксперт;UX/UI дизайнер
Услуги анализа качества данных;Data Quality инженер
Услуги анализа, 1С ЗУП (уровень эксперт);Аналитик 1С
Услуги анализа, SEO-продвижение, уровень эксперт (удаленно);SEO специалист
Услуги анализа, UX-редактура, уровень эксперт (удаленно);UX-писатель
Услуги анализа, Websoft HCM (удаленно);Системный аналитик
Услуги анализа, Websoft HCM (уровень эксперт);Системный аналитик
Услуги анализа, аналитик бизнес - процессов;Бизнес аналитик
Услуги анализа, бизнес анализ, уровень эксперт (удаленно);Бизнес аналитик
Услуги анализа, ведущий аналитик бизнес - процессов;Бизнес аналитик
Услуги анализа, дизайн, уровень средний (удаленно);UX/UI дизайнер
Услуги анализа, дизайн, уровень эксперт (удаленно);UX/UI дизайнер
Услуги анализа, продуктовый аналитик, уровень эксперт (удаленно);Продуктовый аналитик
Услуги анализа, системный аналитик ELMA365, уровень средний;Системный аналитик
Услуги анализа, системный аналитик ELMA365, уровень эксперт;Системный аналитик
Услуги анализа, технология 1С ERP уровень эксперт;Аналитик 1С
Услуги анализа, технология 1С Битрикс, уровень средний;Аналитик Битрикс24
Услуги анализа, технология 1С, уровень средний;Аналитик 1С
Услуги анализа, технология 1С, уровень эксперт;Аналитик 1С
Услуги анализа, технология 1С: Управление торговлей уровень эксперт (удаленно);Аналитик 1С
Услуги анализя, Системный аналитик DWH, уровень эксперт;Аналитик DWH
Услуги контент-менеджера, уровень средний;Контент-менеджер
Услуги настройки и интеграция инструментов Informatiсa Axon, EDC, DQ;Data Quality инженер
Услуги разработки , DevOps, уровень эксперт (удаленно);DevOps
Услуги разработки 1С Бухгалтерия, уровень средний;1С разработчик
Услуги разработки 1С Бухгалтерия, уровень эксперт;1С разработчик
Услуги разработки Bigdata, технология Spark(onprem/cloud) + hdfs/blob/s3+Airflow (удаленно);Data инженер
Услуги разработки front end Java уровень эксперт (удаленно);Frontend разработчик
Услуги разработки Fullstack, технология Web+Postgres уровень эксперт (удаленно);Full Stack разработчик
Услуги разработки Rubbles Planning Force - back end (Kotlin/Java, Spring) уровень средний;Backend разработчик
Услуги разработки Rubbles Planning Force - back end (Kotlin/Java, Spring) уровень эксперт;Backend разработчик
Услуги разработки Rubbles Planning Force - front end на React(JavaScript, TypeScript) уровень средний;React разработчик
Услуги разработки Rubbles Planning Force - front end на React(JavaScript, TypeScript) уровень эксперт;React разработчик
Услуги разработки Tessa (Тесса), уровень средний (удаленно);C# разработчик
Услуги разработки Tessa (Тесса), уровень эксперт (удаленно);C# разработчик
Услуги разработки ПО, Data science, уровень эксперт;Data Scientist
Услуги разработки ПО, data инженер, уровень эксперт (удаленно);Data инженер
Услуги разработки ПО, DevOps , уровень средний (удаленно);DevOps
Услуги разработки ПО, DevOps, стек camunda уровень эксперт (удаленно);DevOps
Услуги разработки ПО, DevOps, уровень team lead (удаленно);DevOps
Услуги разработки ПО, DevOps, уровень эксперт (удаленно);DevOps
Услуги разработки ПО, архитектор платформы Rubbles Planning Force уровень эксперт;Software архитектор
Услуги разработки ПО, архитектор решений, уровень эксперт (удаленно);Solution архитектор
Услуги разработки ПО, Бизнес аналитик платформы Rubbles Planning Force;Бизнес аналитик
Услуги разработки ПО, менеджер проекта, уровень эксперт (удаленно);Руководитель проекта
Услуги разработки ПО, мобильные решения, технология Flutter, уровень эксперт (удаленно);Flutter разработчик
Услуги разработки ПО, системный анализ, мобильные и web решения, уровень эксперт (удаленно);Системный аналитик
Услуги разработки ПО, Системный аналитик платформы Rubbles Planning Force;Системный аналитик
Услуги разработки ПО, технология Android уровень средний (удаленно);Android разработчик
Услуги разработки ПО, технология Backend, уровень средний (удаленно);Backend разработчик
Услуги разработки ПО, технология Backend, уровень эксперт (удаленно);Backend разработчик
Услуги разработки ПО, технология C#/.NET, уровень middle (удаленно);.NET разработчик
Услуги разработки ПО, технология C#/.NET, уровень senior (удаленно);.NET разработчик
Услуги разработки ПО, технология Frontend, уровень средний (удаленно);Frontend разработчик
Услуги разработки ПО, технология Frontend, уровень эксперт (удаленно);Frontend разработчик
Услуги разработки ПО, технология Go, уровень средний (удаленно);Golang разработчик
Услуги разработки ПО, технология Go, уровень эксперт (удаленно);Golang разработчик
Услуги разработки ПО, технология iOS, уровень средний (удаленно);IOS разработчик
Услуги разработки ПО, технология iOS, уровень эксперт (удаленно);IOS разработчик
Услуги разработки ПО, технология Python уровень средний (удаленно);Python разработчик
Услуги разработки ПО, технология Python уровень эксперт (удаленно);Python разработчик
Услуги разработки ПО, технология Web уровень эксперт, с дополнительным знанием React (удаленно);React разработчик
Услуги разработки ПО, услуги UX/UI дизайна, мобильные и Web решения, уровень эксперт (удаленно);UX/UI дизайнер
Услуги разработки ПО, услуги тестирования, мобильные и Web решения, уровень эксперт (удаленно);QA ручной
Услуги разработки проверок качества данных в инструменте Informatica DQ;Data Quality инженер
Услуги разработки, Backend/Fullstac уровень эксперт (удаленно);PHP разработчик
Услуги разработки, Backend-разработчик Java/Kotlin уровень эксперт (удаленно);Java разработчик
Услуги разработки, Java Backend, уровень эксперт;Java разработчик
Услуги разработки, QA уровень средний (Удаленно);QA ручной
Услуги разработки, QA уровень эксперт (удаленно);QA ручной
Услуги разработки, QA платформы Rubbles Planning Force уровень средний;QA ручной
Услуги разработки, TeamLead QA платформы Rubbles Planning Force;Тест-менеджер
Услуги разработки, технология , MS Dynamics Ax 2009 уровень эксперт (удаленно);MS Dynamics разработчик
Услуги разработки, технология .Net уровень средний (удаленно);.NET разработчик
Услуги разработки, технология .Net уровень эксперт (удаленно);.NET разработчик
Услуги разработки, технология 1С ERP уровень эксперт (удаленно);1С разработчик
Услуги разработки, технология 1С ЗУП уровень эксперт (удаленно);1С разработчик
Услуги разработки, технология 1С Управление торговлей уровень эксперт (удаленно);1С разработчик
Услуги разработки, технология 1С, уровень средний;1С разработчик
Услуги разработки, технология 1С, уровень эксперт;1С разработчик
Услуги разработки, технология Android уровень эксперт (удаленно);Android разработчик
Услуги разработки, технология BMC Remedy, уровень эксперт (удалённо);Эксперт по внедрению ITSM-процессов
Услуги разработки, технология IBM MDM уровень эксперт;Java разработчик
Услуги разработки, технология Java, Уровень средний (удаленно);Java разработчик
Услуги разработки, технология MS Dynamics AX 2009 уровень средний;MS Dynamics разработчик
Услуги разработки, технология OpenText, уровень средний (удаленно);Разработчик Opentext
Услуги разработки, технология PHP, уровень teamlead;PHP разработчик
Услуги разработки, технология PHP, уровень средний (удаленно);PHP разработчик
Услуги разработки, технология Postgres уровень средний (удаленно);Разработчик баз данных
Услуги разработки, технология Postgres уровень эксперт (удаленно);Разработчик баз данных
Услуги разработки, технология Python уровень средний (удаленно);Python разработчик
Услуги разработки, технология SAP PO/PI уровень средний (удаленно);Консультант SAP PI
Услуги разработки, технология Vue.js, уровень средний;Vue.js разработчик
Услуги разработки, технология Vue.js, уровень эксперт;Vue.js разработчик
Услуги разработки, технология Web, frontend, уровень Средний;Frontend разработчик
Услуги разработки, технология Web, frontend, уровень Эксперт (удаленно);Frontend разработчик
Услуги разработки, технология Websoft HCM уровень эксперт (удаленно);Разработчик HCM
Услуги тестирования ПО, уровень средний (удаленно);QA ручной
Услуги тестирования ПО, уровень эксперт (удаленно);QA ручной
Услуги тестирования, WEB технологии, уровень средний;QA ручной
Услуги тестирования, WebSoft HCM, уровень средний;QA ручной
